ID,Name,Types,Weaknesses,Evolution
001,Bulbasaur,"Grass,Poison","Fire,Ice,Flying,Psychic",002,
002,Ivysaur,"Grass,Poison","Fire,Ice,Flying,Psychic",003,
003,Venusaur,"Grass,Poison","Fire,Ice,Flying,Psychic",
004,Charmander,Fire,"Water,Ground,Rock",005,
005,Charmeleon,Fire,"Water,Ground,Rock",006,
006,Charizard,"Fire,Flying","Water,Electric,Rock",
007,Squirtle,Water,"Electric,Grass",008,
008,Wartortle,Water,"Electric,Grass",009,
009,Blastoise,Water,"Electric,Grass",
010,Caterpie,Bug,"Fire,Flying,Rock",011,
011,Metapod,Bug,"Fire,Flying,Rock",012,
012,Butterfree,"Bug,Flying","Fire,Electric,Ice,Flying,Rock",
013,Weedle,"Bug,Poison","Fire,Flying,Psychic,Rock",014,
014,Kakuna,"Bug,Poison","Fire,Flying,Psychic,Rock",015,
015,Beedrill,"Bug,Poison","Fire,Flying,Psychic,Rock",
016,Pidgey,"Normal,Flying","Electric,Ice,Rock",017,
017,Pidgeotto,"Normal,Flying","Electric,Ice,Rock",018,
018,Pidgeot,"Normal,Flying","Electric,Ice,Rock",
019,Rattata,Normal,"Fighting",020,
020,Raticate,Normal,"Fighting",
021,Spearow,"Normal,Flying","Electric,Ice,Rock",022,
022,Fearow,"Normal,Flying","Electric,Ice,Rock",
023,Ekans,Poison,"Ground,Psychic",024,
024,Arbok,Poison,"Ground,Psychic",
025,Pikachu,Electric,"Ground",026,
026,Raichu,Electric,"Ground",
027,Sandshrew,Ground,"Water,Grass,Ice",028,
028,Sandslash,Ground,"Water,Grass,Ice",
029,Nidoran♀,Poison,"Ground,Psychic",030,
030,Nidorina,Poison,"Ground,Psychic",031,
031,Nidoqueen,"Poison,Ground","Water,Ice,Ground,Psychic",
032,Nidoran♂,Poison,"Ground,Psychic",033,
033,Nidorino,Poison,"Ground,Psychic",034,
034,Nidoking,"Poison,Ground","Water,Ice,Ground,Psychic",
035,Clefairy,"Fairy","Steel,Poison",036,
036,Clefable,"Fairy","Steel,Poison",
037,Vulpix,Fire,"Water,Ground,Rock",038,
038,Ninetales,Fire,"Water,Ground,Rock",
039,Jigglypuff,"Normal,Fairy","Steel,Poison",040,
040,Wigglytuff,"Normal,Fairy","Steel,Poison",
041,Zubat,"Poison,Flying","Electric,Ice,Psychic,Rock",042,
042,Golbat,"Poison,Flying","Electric,Ice,Psychic,Rock",
043,Oddish,"Grass,Poison","Fire,Ice,Flying,Psychic",044,
044,Gloom,"Grass,Poison","Fire,Ice,Flying,Psychic",045,
045,Vileplume,"Grass,Poison","Fire,Ice,Flying,Psychic",
046,Paras,"Bug,Grass","Fire,Ice,Poison,Flying,Bug,Rock",047,
047,Parasect,"Bug,Grass","Fire,Ice,Poison,Flying,Bug,Rock",
048,Venonat,"Bug,Poison","Fire,Flying,Psychic,Rock",049,
049,Venomoth,"Bug,Poison","Fire,Flying,Psychic,Rock",
050,Diglett,Ground,"Water,Grass,Ice",051,
051,Dugtrio,Ground,"Water,Grass,Ice",
052,Meowth,Normal,"Fighting",053,
053,Persian,Normal,"Fighting",
054,Psyduck,Water,"Electric,Grass",055,
055,Golduck,Water,"Electric,Grass",
056,Mankey,Fighting,"Flying,Psychic,Fairy",057,
057,Primeape,Fighting,"Flying,Psychic,Fairy",
058,Growlithe,Fire,"Water,Ground,Rock",059,
059,Arcanine,Fire,"Water,Ground,Rock",
060,Poliwag,Water,"Electric,Grass",061,
061,Poliwhirl,Water,"Electric,Grass",062,
062,Poliwrath,"Water,Fighting","Electric,Grass,Flying,Psychic,Fairy",
063,Abra,Psychic,"Bug,Ghost,Dark",064,
064,Kadabra,Psychic,"Bug,Ghost,Dark",065,
065,Alakazam,Psychic,"Bug,Ghost,Dark",
066,Machop,Fighting,"Flying,Psychic,Fairy",067,
067,Machoke,Fighting,"Flying,Psychic,Fairy",068,
068,Machamp,Fighting,"Flying,Psychic,Fairy",
069,Bellsprout,"Grass,Poison","Fire,Ice,Flying,Psychic",070,
070,Weepinbell,"Grass,Poison","Fire,Ice,Flying,Psychic",071,
071,Victreebel,"Grass,Poison","Fire,Ice,Flying,Psychic",
072,Tentacool,"Water,Poison","Electric,Ground,Psychic",073,
073,Tentacruel,"Water,Poison","Electric,Ground,Psychic",
074,Geodude,"Rock,Ground","Water,Grass,Ice,Fighting,Ground,Steel",075,
075,Graveler,"Rock,Ground","Water,Grass,Ice,Fighting,Ground,Steel",076,
076,Golem,"Rock,Ground","Water,Grass,Ice,Fighting,Ground,Steel",
077,Ponyta,Fire,"Water,Ground,Rock",078,
078,Rapidash,Fire,"Water,Ground,Rock",
079,Slowpoke,"Water,Psychic","Electric,Grass,Bug,Ghost,Dark",080,
080,Slowbro,"Water,Psychic","Electric,Grass,Bug,Ghost,Dark",
081,Magnemite,"Electric,Steel","Fire,Fighting,Ground",082,
082,Magneton,"Electric,Steel","Fire,Fighting,Ground",
083,Farfetch'd,"Normal,Flying","Electric,Ice,Rock",
084,Doduo,"Normal,Flying","Electric,Ice,Rock",085,
085,Dodrio,"Normal,Flying","Electric,Ice,Rock",
086,Seel,Water,"Electric,Grass",087,
087,Dewgong,"Water,Ice","Electric,Grass,Fighting,Rock,Steel",
088,Grimer,Poison,"Ground,Psychic",089,
089,Muk,Poison,"Ground,Psychic",
090,Shellder,Water,"Electric,Grass",091,
091,Cloyster,"Water,Ice","Electric,Grass,Fighting,Rock,Steel",
092,Gastly,"Ghost,Poison","Ground,Psychic,Ghost,Dark",093,
093,Haunter,"Ghost,Poison","Ground,Psychic,Ghost,Dark",094,
094,Gengar,"Ghost,Poison","Ground,Psychic,Ghost,Dark",
095,Onix,"Rock,Ground","Water,Grass,Ice,Fighting,Ground,Steel",
096,Drowzee,Psychic,"Bug,Ghost,Dark",097,
097,Hypno,Psychic,"Bug,Ghost,Dark",
098,Krabby,Water,"Electric,Grass",099,
099,Kingler,Water,"Electric,Grass",
100,Voltorb,Electric,"Ground",101,
101,Electrode,Electric,"Ground",
102,Exeggcute,"Grass,Psychic","Fire,Ice,Poison,Flying,Bug,Ghost,Dark",103,
103,Exeggutor,"Grass,Psychic","Fire,Ice,Poison,Flying,Bug,Ghost,Dark",
104,Cubone,Ground,"Water,Grass,Ice",105,
105,Marowak,Ground,"Water,Grass,Ice",
106,Hitmonlee,Fighting,"Flying,Psychic,Fairy",
107,Hitmonchan,Fighting,"Flying,Psychic,Fairy",
108,Lickitung,Normal,"Fighting",
109,Koffing,Poison,"Ground,Psychic",110,
110,Weezing,Poison,"Ground,Psychic",
111,Rhyhorn,"Ground,Rock","Water,Grass,Ice,Fighting,Ground,Steel",112,
112,Rhydon,"Ground,Rock","Water,Grass,Ice,Fighting,Ground,Steel",
113,Chansey,Normal,"Fighting",
114,Tangela,Grass,"Fire,Ice,Poison,Flying,Bug",
115,Kangaskhan,Normal,"Fighting",
116,Horsea,Water,"Electric,Grass",117,
117,Seadra,Water,"Electric,Grass",
118,Goldeen,Water,"Electric,Grass",119,
119,Seaking,Water,"Electric,Grass",
120,Staryu,Water,"Electric,Grass",121,
121,Starmie,"Water,Psychic","Electric,Grass,Bug,Ghost,Dark",
122,Mr. Mime,"Psychic,Fairy","Steel,Poison,Ghost",
123,Scyther,"Bug,Flying","Fire,Electric,Ice,Flying,Rock",
124,Jynx,"Ice,Psychic","Fire,Bug,Rock,Ghost,Dark,Steel",
125,Electabuzz,Electric,"Ground",
126,Magmar,Fire,"Water,Ground,Rock",
127,Pinsir,Bug,"Fire,Flying,Rock",
128,Tauros,Normal,"Fighting",
129,Magikarp,Water,"Electric,Grass",130,
130,Gyarados,"Water,Flying","Electric,Rock",
131,Lapras,"Water,Ice","Electric,Grass,Fighting,Rock,Steel",
132,Ditto,Normal,
133,Eevee,Normal,"Fighting","134,135,136,196,197,470,471,700",
134,Vaporeon,Water,"Electric,Grass",
135,Jolteon,Electric,"Ground",
136,Flareon,Fire,"Water,Ground,Rock",
137,Porygon,Normal,"Fighting",
138,Omanyte,"Rock,Water","Electric,Grass,Fighting,Ground",
139,Omastar,"Rock,Water","Electric,Grass,Fighting,Ground",
140,Kabuto,"Rock,Water","Electric,Grass,Fighting,Ground",141,
141,Kabutops,"Rock,Water","Electric,Grass,Fighting,Ground",
142,Aerodactyl,"Rock,Flying","Water,Electric,Ice,Rock,Steel",
143,Snorlax,Normal,"Fighting",
144,Articuno,"Ice,Flying","Fire,Electric,Rock,Steel",
145,Zapdos,"Electric,Flying","Rock,Ice",
146,Moltres,"Fire,Flying","Water,Electric,Rock",
147,Dratini,Dragon,"Ice,Dragon,Fairy",148,
148,Dragonair,Dragon,"Ice,Dragon,Fairy",149,
149,Dragonite,"Dragon,Flying","Ice,Rock,Dragon,Fairy",
150,Mewtwo,Psychic,"Bug,Ghost,Dark",
151,Mew,Psychic,"Bug,Ghost,Dark",
152,Chikorita,Grass,"Fire,Ice,Poison,Flying,Bug",153,
153,Bayleef,Grass,"Fire,Ice,Poison,Flying,Bug",154,
154,Meganium,Grass,"Fire,Ice,Poison,Flying,Bug",
155,Cyndaquil,Fire,"Water,Ground,Rock",156,
156,Quilava,Fire,"Water,Ground,Rock",157,
157,Typhlosion,Fire,"Water,Ground,Rock",
158,Totodile,Water,"Electric,Grass",159,
159,Croconaw,Water,"Electric,Grass",160,
160,Feraligatr,Water,"Electric,Grass",
161,Sentret,Normal,"Fighting",162,
162,Furret,Normal,"Fighting",
163,Hoothoot,"Normal,Flying","Electric,Ice,Rock",164,
164,Noctowl,"Normal,Flying","Electric,Ice,Rock",
165,Ledyba,"Bug,Flying","Fire,Electric,Ice,Flying,Rock",166,
166,Ledian,"Bug,Flying","Fire,Electric,Ice,Flying,Rock",
167,Spinarak,"Bug,Poison","Fire,Flying,Psychic,Rock",168,
168,Ariados,"Bug,Poison","Fire,Flying,Psychic,Rock",
169,Crobat,"Poison,Flying","Electric,Ice,Psychic,Rock",
170,Chinchou,"Water,Electric","Grass,Ground",171,
171,Lanturn,"Water,Electric","Grass,Ground",
172,Pichu,Electric,"Ground",025,
173,Cleffa,Fairy,"Steel,Poison",035,
174,Igglybuff,"Normal,Fairy","Steel,Poison",039,
175,Togepi,Fairy,"Steel,Poison",176,
176,Togetic,"Fairy,Flying","Steel,Poison,Electric,Ice,Rock",
177,Natu,"Psychic,Flying","Electric,Ice,Rock,Ghost,Dark",178,
178,Xatu,"Psychic,Flying","Electric,Ice,Rock,Ghost,Dark",
179,Mareep,Electric,"Ground",180,
180,Flaaffy,Electric,"Ground",181,
181,Ampharos,Electric,"Ground",
182,Bellossom,Grass,"Fire,Ice,Poison,Flying,Bug",
183,Marill,Water,"Electric,Grass",184,
184,Azumarill,Water,"Electric,Grass",
185,Sudowoodo,Rock,"Water,Grass,Fighting,Ground,Steel",
186,Politoed,Water,"Electric,Grass",
187,Hoppip,"Grass,Flying","Fire,Ice,Poison,Flying,Rock",188,
188,Skiploom,"Grass,Flying","Fire,Ice,Poison,Flying,Rock",189,
189,Jumpluff,"Grass,Flying","Fire,Ice,Poison,Flying,Rock",
190,Aipom,Normal,"Fighting",
191,Sunkern,Grass,"Fire,Ice,Poison,Flying,Bug",192,
192,Sunflora,Grass,"Fire,Ice,Poison,Flying,Bug",
193,Yanma,"Bug,Flying","Fire,Electric,Ice,Flying,Rock",
194,Wooper,"Water,Ground","Grass",195,
195,Quagsire,"Water,Ground","Grass",
196,Espeon,Psychic,"Bug,Ghost,Dark",
197,Umbreon,Dark,"Fighting,Bug,Fairy",
198,Murkrow,"Dark,Flying","Electric,Ice,Rock,Fairy",430,
199,Slowking,"Water,Psychic","Electric,Grass,Bug,Ghost,Dark",
200,Misdreavus,Ghost,"Ghost,Dark",429,
201,Unown,Psychic,"Bug,Ghost,Dark",
202,Wobbuffet,Psychic,"Bug,Ghost,Dark",
203,Girafarig,"Normal,Psychic","Bug,Dark",
203,Girafarig,"Normal,Psychic","Bug,Dark", ,
204,Pineco,Bug,"Fire,Flying,Rock",205,
205,Forretress,"Bug,Steel","Fire",
205,Forretress,"Bug,Steel","Fire", ,
206,Dunsparce,Normal,"Fighting",
207,Gligar,"Ground,Flying","Water,Ice",472,
208,Steelix,"Steel,Ground","Fire,Water,Fighting,Ground",
209,Snubbull,Fairy,"Steel,Poison",210,
210,Granbull,Fairy,"Steel,Poison",
211,Qwilfish,"Water,Poison","Electric,Ground,Psychic",
212,Scizor,"Bug,Steel","Fire",
213,Shuckle,"Bug,Rock","Water,Rock,Steel",
214,Heracross,"Bug,Fighting","Flying,Fire,Psychic,Fairy",
215,Sneasel,"Dark,Ice","Fire,Fighting,Bug,Rock,Steel,Fairy",461,
216,Teddiursa,Normal,"Fighting",217,
217,Ursaring,Normal,"Fighting",
218,Slugma,Fire,"Water,Ground,Rock",219,
219,Magcargo,"Fire,Rock","Water,Ground,Fighting,Rock",
220,Swinub,"Ice,Ground","Fire,Water,Grass,Fighting,Steel",221,
221,Piloswine,"Ice,Ground","Fire,Water,Grass,Fighting,Steel",473,
222,Corsola,"Water,Rock","Electric,Grass,Fighting,Ground",
223,Remoraid,Water,"Electric,Grass",224,
224,Octillery,Water,"Electric,Grass",
225,Delibird,"Ice,Flying","Fire,Electric,Rock,Steel",
226,Mantine,"Water,Flying","Electric,Rock",
227,Skarmory,"Steel,Flying","Fire,Electric",
228,Houndour,"Dark,Fire","Fighting,Ground,Rock,Water",229,
229,Houndoom,"Dark,Fire","Fighting,Ground,Rock,Water",
230,Kingdra,"Water,Dragon","Dragon,Fairy",
231,Phanpy,Ground,"Water,Grass,Ice",232,
232,Donphan,Ground,"Water,Grass,Ice",
233,Porygon2,Normal,"Fighting",
234,Stantler,Normal,"Fighting",
235,Smeargle,Normal,"Fighting",
236,Tyrogue,Fighting,"Flying,Psychic,Fairy","106,107,237",
237,Hitmontop,Fighting,"Flying,Psychic,Fairy",
238,Smoochum,"Ice,Psychic","Fire,Bug,Rock,Ghost,Dark,Steel",124,
239,Elekid,Electric,"Ground",125,
240,Magby,Fire,"Water,Ground,Rock",126,
241,Miltank,Normal,"Fighting",
241,Miltank,Normal,"Fighting,
242,Blissey,Normal,"Fighting",
243,Raikou,Electric,"Ground",
244,Entei,Fire,"Water,Ground,Rock",
245,Suicune,Water,"Electric,Grass",
246,Larvitar,"Rock,Ground","Water,Grass,Ice,Fighting,Ground,Steel",247,
247,Pupitar,"Rock,Ground","Water,Grass,Ice,Fighting,Ground,Steel",248,
248,Tyranitar,"Rock,Dark","Fighting,Ground,Steel,Water,Grass,Bug,Fairy",
249,Lugia,"Psychic,Flying","Electric,Ice,Rock,Dark,Ghost",
250,Ho-Oh,"Fire,Flying","Water,Electric,Rock",
251,Celebi,"Psychic,Grass","Fire,Ice,Poison,Flying,Bug,Ghost,Dark",
252,Treecko,Grass,"Fire,Ice,Poison,Flying,Bug",253,
253,Grovyle,Grass,"Fire,Ice,Poison,Flying,Bug",254,
254,Sceptile,Grass,"Fire,Ice,Poison,Flying,Bug",
255,Torchic,Fire,"Water,Ground,Rock",256,
256,Combusken,"Fire,Fighting","Water,Ground,Psychic,Flying",257,
257,Blaziken,"Fire,Fighting","Water,Ground,Psychic,Flying",
258,Mudkip,Water,"Electric,Grass",259,
259,Marshtomp,"Water,Ground","Grass",260,
260,Swampert,"Water,Ground","Grass",
261,Poochyena,Dark,"Fighting,Bug,Fairy",262,
262,Mightyena,Dark,"Fighting,Bug,Fairy",
263,Zigzagoon,Normal,"Fighting",264,
264,Linoone,Normal,"Fighting",
265,Wurmple,Bug,"Fire,Flying,Rock",266,
266,Silcoon,Bug,"Fire,Flying,Rock",267,
267,Beautifly,"Bug,Flying","Fire,Electric,Ice,Flying,Rock",
268,Cascoon,Bug,"Fire,Flying,Rock",269,
269,Dustox,"Bug,Poison","Fire,Flying,Psychic,Rock",
270,Lotad,"Water,Grass","Poison,Flying,Bug",271,
271,Lombre,"Water,Grass","Poison,Flying,Bug",272,
272,Ludicolo,"Water,Grass","Poison,Flying,Bug",
273,Seedot,Grass,"Fire,Ice,Poison,Flying,Bug",274,
274,Nuzleaf,"Grass,Dark","Bug,Fighting,Poison,Flying,Ice,Fairy",275,
275,Shiftry,"Grass,Dark","Bug,Fighting,Poison,Flying,Ice,Fairy",
276,Taillow,"Normal,Flying","Electric,Ice,Rock",277,
277,Swellow,"Normal,Flying","Electric,Ice,Rock",
278,Wingull,"Water,Flying","Electric,Rock",279,
279,Pelipper,"Water,Flying","Electric,Rock",
280,Ralts,"Psychic,Fairy","Steel,Poison,Ghost",281,
281,Kirlia,"Psychic,Fairy","Steel,Poison,Ghost",282,
282,Gardevoir,"Psychic,Fairy","Steel,Poison,Ghost",
283,Surskit,"Bug,Water","Electric,Flying,Rock",284,
284,Masquerain,"Bug,Flying","Fire,Electric,Ice,Flying,Rock",
285,Shroomish,Grass,"Fire,Ice,Poison,Flying,Bug",286,
286,Breloom,"Grass,Fighting","Fire,Ice,Poison,Flying,Psychic,Fairy",
287,Slakoth,Normal,"Fighting",288,
288,Vigoroth,Normal,"Fighting",289,
289,Slaking,Normal,"Fighting",
290,Nincada,"Bug,Ground","Fire,Flying,Rock,Water,Ice",291,
291,Ninjask,"Bug,Flying","Fire,Electric,Ice,Flying,Rock",
292,Shedinja,"Bug,Ghost","Fire,Flying,Rock,Ghost,Dark",
293,Whismur,Normal,"Fighting",294,
294,Loudred,Normal,"Fighting",295,
295,Exploud,Normal,"Fighting",
296,Makuhita,Fighting,"Flying,Psychic,Fairy",297,
297,Hariyama,Fighting,"Flying,Psychic,Fairy",
298,Azurill,"Normal,Fairy","Steel,Poison",183,
299,Nosepass,Rock,"Water,Grass,Fighting,Ground,Steel",476,
300,Skitty,Normal,"Fighting",301,
301,Delcatty,Normal,"Fighting",
302,Sableye,"Dark,Ghost","Fairy",
303,Mawile,"Steel,Fairy","Fire,Ground",
304,Aron,"Steel,Rock","Fighting,Ground,Water",
305,Lairon,"Steel,Rock","Fighting,Ground,Water",
306,Aggron,"Steel,Rock","Fighting,Ground,Water",
307,Meditite,"Fighting,Psychic","Flying,Ghost,Fairy",
308,Medicham,"Fighting,Psychic","Flying,Ghost,Fairy",
309,Electrike,Electric,"Ground",
310,Manectric,Electric,"Ground",
311,Plusle,Electric,"Ground",
312,Minun,Electric,"Ground",
313,Volbeat,Bug,"Fire,Flying,Rock",
314,Illumise,Bug,"Fire,Flying,Rock",
315,Roselia,"Grass,Poison","Fire,Ice,Flying,Psychic",
316,Gulpin,Poison,"Ground,Psychic",
317,Swalot,Poison,"Ground,Psychic",
318,Carvanha,"Water,Dark","Electric,Grass,Fighting,Bug,Fairy",
319,Sharpedo,"Water,Dark","Electric,Grass,Fighting,Bug,Fairy",
320,Wailmer,Water,"Electric,Grass",
321,Wailord,Water,"Electric,Grass",
322,Numel,"Fire,Ground","Water,Ground",
323,Camerupt,"Fire,Ground","Water,Ground",
324,Torkoal,Fire,"Water,Ground,Rock",
325,Spoink,Psychic,"Bug,Ghost,Dark",
326,Grumpig,Psychic,"Bug,Ghost,Dark",
327,Spinda,Normal,"Fighting",
328,Trapinch,Ground,"Water,Grass,Ice",
329,Vibrava,"Ground,Dragon","Ice,Dragon,Fairy",
330,Flygon,"Ground,Dragon","Ice,Dragon,Fairy",
331,Cacnea,Grass,"Fire,Ice,Poison,Flying,Bug",
332,Cacturne,"Grass,Dark","Fire,Ice,Poison,Flying,Bug,Fairy",
333,Swablu,"Normal,Flying","Electric,Ice,Rock",
334,Altaria,"Dragon,Flying","Ice,Rock,Dragon,Fairy",
335,Zangoose,Normal,"Fighting",
336,Seviper,Poison,"Ground,Psychic",
337,Lunatone,"Rock,Psychic","Water,Grass,Fighting,Ground,Steel,Bug,Ghost,Dark",
338,Solrock,"Rock,Psychic","Water,Grass,Fighting,Ground,Steel,Bug,Ghost,Dark",
339,Barboach,"Water,Ground","Grass",
340,Whiscash,"Water,Ground","Grass",
341,Corphish,Water,"Electric,Grass",
342,Crawdaunt,"Water,Dark","Electric,Grass,Fighting,Bug,Fairy",
343,Baltoy,"Ground,Psychic","Water,Grass,Ice,Bug,Ghost,Dark",
344,Claydol,"Ground,Psychic","Water,Grass,Ice,Bug,Ghost,Dark",
345,Lileep,"Rock,Grass","Fighting,Bug,Steel,Water,Grass",
346,Cradily,"Rock,Grass","Fighting,Bug,Steel,Water,Grass",
347,Anorith,"Rock,Bug","Steel,Water,Rock",
348,Armaldo,"Rock,Bug","Steel,Water,Rock",
349,Feebas,Water,"Electric,Grass",
350,Milotic,Water,"Electric,Grass",
351,Castform,Normal,"Fighting",
352,Kecleon,Normal,"Fighting",
353,Shuppet,Ghost,"Ghost,Dark",
354,Banette,Ghost,"Ghost,Dark",
355,Duskull,Ghost,"Ghost,Dark",
356,Dusclops,Ghost,"Ghost,Dark",
357,Tropius,"Grass,Flying","Fire,Ice,Poison,Flying,Rock",
358,Chimecho,Psychic,"Bug,Ghost,Dark",
359,Absol,Dark,"Fighting,Bug,Fairy",
360,Wynaut,Psychic,"Bug,Ghost,Dark",
361,Snorunt,Ice,"Fire,Fighting,Rock,Steel",
362,Glalie,Ice,"Fire,Fighting,Rock,Steel",
363,Spheal,"Ice,Water","Electric,Grass,Fighting,Rock,Steel",
364,Sealeo,"Ice,Water","Electric,Grass,Fighting,Rock,Steel",
365,Walrein,"Ice,Water","Electric,Grass,Fighting,Rock,Steel",
366,Clamperl,Water,"Electric,Grass",
367,Huntail,Water,"Electric,Grass",
368,Gorebyss,Water,"Electric,Grass",
369,Relicanth,"Water,Rock","Electric,Grass,Fighting,Ground",
370,Luvdisc,Water,"Electric,Grass",
371,Bagon,Dragon,"Ice,Dragon,Fairy",
372,Shelgon,Dragon,"Ice,Dragon,Fairy",
373,Salamence,"Dragon,Flying","Ice,Rock,Dragon,Fairy",
374,Beldum,"Steel,Psychic","Fire,Ground",
375,Metang,"Steel,Psychic","Fire,Ground",
376,Metagross,"Steel,Psychic","Fire,Ground",
377,Regirock,Rock,"Water,Grass,Fighting,Ground,Steel",
378,Regice,Ice,"Fire,Fighting,Rock,Steel",
379,Registeel,Steel,"Fire,Fighting,Ground",
380,Latias,"Dragon,Psychic","Ice,Bug,Ghost,Dark,Fairy",
381,Latios,"Dragon,Psychic","Ice,Bug,Ghost,Dark,Fairy",
382,Kyogre,Water,"Electric,Grass",
383,Groudon,Ground,"Water,Grass,Ice",
384,Rayquaza,"Dragon,Flying","Ice,Rock,Dragon,Fairy",
385,Jirachi,"Steel,Psychic","Fire,Ground",
386,Deoxys,Psychic,"Bug,Ghost,Dark",
387,Turtwig,Grass,"Fire,Ice,Poison,Flying,Bug",388
388,Grotle,Grass,"Fire,Ice,Poison,Flying,Bug",389
389,Torterra,"Grass,Ground","Fire,Ice,Flying,Bug",
390,Chimchar,Fire,"Water,Ground,Rock",391
391,Monferno,"Fire,Fighting","Water,Ground,Psychic,Flying",392
392,Infernape,"Fire,Fighting","Water,Ground,Psychic,Flying",
393,Piplup,Water,"Electric,Grass",394
394,Prinplup,Water,"Electric,Grass",395
395,Empoleon,"Water,Steel","Electric,Fighting,Ground",
396,Starly,"Normal,Flying","Electric,Ice,Rock",397
397,Staravia,"Normal,Flying","Electric,Ice,Rock",398
398,Staraptor,"Normal,Flying","Electric,Ice,Rock",
399,Bidoof,Normal,"Fighting",400
400,Bibarel,"Normal,Water","Electric,Grass,Fighting",
401,Kricketot,Bug,"Fire,Flying,Rock",402
402,Kricketune,Bug,"Fire,Flying,Rock",
403,Shinx,Electric,"Ground",404
404,Luxio,Electric,"Ground",405
405,Luxray,Electric,"Ground",
406,Budew,"Grass,Poison","Fire,Ice,Flying,Psychic",315
407,Roserade,"Grass,Poison","Fire,Ice,Flying,Psychic",
408,Cranidos,Rock,"Water,Grass,Fighting,Ground,Steel",409
409,Rampardos,Rock,"Water,Grass,Fighting,Ground,Steel",
410,Shieldon,"Rock,Steel","Fighting,Ground,Water",411
411,Bastiodon,"Rock,Steel","Fighting,Ground,Water",
412,Burmy,Bug,"Fire,Flying,Rock",413
413,Wormadam,"Bug,Grass","Fire,Flying,Rock,Poison,Bug,Ice",
414,Mothim,"Bug,Flying","Fire,Electric,Ice,Flying,Rock",
415,Combee,"Bug,Flying","Fire,Electric,Ice,Flying,Rock",416
416,Vespiquen,"Bug,Flying","Fire,Electric,Ice,Flying,Rock",
417,Pachirisu,Electric,"Ground",
418,Buizel,Water,"Electric,Grass",419
419,Floatzel,Water,"Electric,Grass",
420,Cherubi,Grass,"Fire,Ice,Poison,Flying,Bug",421
421,Cherrim,"Grass","Fire,Ice,Poison,Flying,Bug",
422,Shellos,Water,"Electric,Grass",
423,Gastrodon,"Water,Ground","Grass",
424,Ambipom,Normal,"Fighting",
425,Drifloon,"Ghost,Flying","Electric,Ice,Rock,Ghost,Dark",426
426,Drifblim,"Ghost,Flying","Electric,Ice,Rock,Ghost,Dark",
427,Buneary,Normal,"Fighting",428
428,Lopunny,Normal,"Fighting",
429,Mismagius,Ghost,"Ghost,Dark",
430,Honchkrow,"Dark,Flying","Electric,Ice,Rock,Fairy",
431,Glameow,Normal,"Fighting",432
432,Purugly,Normal,"Fighting",
433,Chingling,Psychic,"Bug,Ghost,Dark",358
434,Stunky,"Poison,Dark","Ground,Psychic",
435,Skuntank,"Poison,Dark","Ground,Psychic",
436,Bronzor,"Steel,Psychic","Fire,Ground,Ghost,Dark",437
437,Bronzong,"Steel,Psychic","Fire,Ground,Ghost,Dark",
438,Bonsly,Rock,"Water,Grass,Fighting,Ground,Steel",185
439,Mime Jr.,"Psychic,Fairy","Steel,Poison,Ghost",122
440,Happiny,Normal,"Fighting",113
441,Chatot,"Normal,Flying","Electric,Ice,Rock",
442,Spiritomb,"Ghost,Dark","Fairy",
443,Gible,"Dragon,Ground","Ice,Dragon,Fairy",444
444,Gabite,"Dragon,Ground","Ice,Dragon,Fairy",445
445,Garchomp,"Dragon,Ground","Ice,Dragon,Fairy",
446,Munchlax,Normal,"Fighting",143
447,Riolu,Fighting,"Flying,Psychic,Fairy",448
448,Lucario,"Fighting,Steel","Fire,Ground,Fighting",
449,Hippopotas,Ground,"Water,Grass,Ice",450
450,Hippowdon,Ground,"Water,Grass,Ice",
451,Skorupi,"Poison,Bug","Fire,Psychic,Flying,Rock",452
452,Drapion,"Poison,Dark","Ground,Psychic",
453,Croagunk,"Poison,Fighting","Ground,Psychic,Flying,Psychic,Fairy",454
454,Toxicroak,"Poison,Fighting","Ground,Psychic,Flying,Psychic,Fairy",
455,Carnivine,Grass,"Fire,Ice,Poison,Flying,Bug",
456,Finneon,Water,"Electric,Grass",457
457,Lumineon,Water,"Electric,Grass",
458,Mantyke,"Water,Flying","Electric,Rock",226
459,Snover,"Grass,Ice","Fire,Fighting,Poison,Flying,Bug,Rock,Steel",460
460,Abomasnow,"Grass,Ice","Fire,Fighting,Poison,Flying,Bug,Rock,Steel",
461,Weavile,"Dark,Ice","Fire,Fighting,Bug,Rock,Steel,Fairy",
462,Magnezone,"Electric,Steel","Fire,Fighting,Ground",
463,Lickilicky,Normal,"Fighting",
464,Rhyperior,"Ground,Rock","Water,Grass,Ice,Fighting,Ground,Steel",112
465,Tangrowth,Grass,"Fire,Ice,Poison,Flying,Bug",
466,Electivire,Electric,"Ground",125
467,Magmortar,Fire,"Water,Ground,Rock",126
468,Togekiss,"Fairy,Flying","Steel,Poison,Electric,Ice,Rock",176
469,Yanmega,"Bug,Flying","Fire,Electric,Ice,Flying,Rock",193
470,Leafeon,Grass,"Fire,Ice,Poison,Flying,Bug",133
471,Glaceon,Ice,"Fire,Fighting,Rock,Steel",133
472,Gliscor,"Ground,Flying","Water,Ice",207
473,Mamoswine,"Ice,Ground","Fire,Water,Grass,Fighting,Steel",221
474,Porygon-Z,Normal,"Fighting",233
475,Gallade,"Psychic,Fighting","Flying,Ghost,Fairy",281
476,Probopass,"Rock,Steel","Fighting,Ground,Water",299
477,Dusknoir,Ghost,"Ghost,Dark",356
478,Froslass,"Ice,Ghost","Fire,Rock,Ghost,Dark,Steel",361
479,Rotom,"Electric,Ghost","Ground,Ghost,Dark",
480,Uxie,Psychic,"Bug,Ghost,Dark",
481,Mesprit,Psychic,"Bug,Ghost,Dark",
482,Azelf,Psychic,"Bug,Ghost,Dark",
483,Dialga,"Steel,Dragon","Fighting,Ground",
484,Palkia,"Water,Dragon","Dragon,Fairy",
485,Heatran,"Fire,Steel","Water,Fighting,Ground",
486,Regigigas,Normal,"Fighting",
487,Giratina,"Ghost,Dragon","Ghost,Dark,Ice,Dragon,Fairy",
488,Cresselia,Psychic,"Bug,Ghost,Dark",
489,Phione,Water,"Electric,Grass",
490,Manaphy,Water,"Electric,Grass",
491,Darkrai,Dark,"Fighting,Bug,Fairy",
492,Shaymin,"Grass","Fire,Ice,Poison,Flying,Bug",
493,Arceus,Normal,"Fighting",
494,Victini,"Psychic,Fire","Water,Ground,Rock,Ghost,Dark",
495,Snivy,Grass,"Fire,Ice,Poison,Flying,Bug",496
496,Servine,Grass,"Fire,Ice,Poison,Flying,Bug",497
497,Serperior,Grass,"Fire,Ice,Poison,Flying,Bug",
498,Tepig,Fire,"Water,Ground,Rock",499
499,Pignite,"Fire,Fighting","Water,Ground,Psychic,Flying",500
500,Emboar,"Fire,Fighting","Water,Ground,Psychic,Flying",
501,Oshawott,Water,"Electric,Grass",502
502,Dewott,Water,"Electric,Grass",503
503,Samurott,Water,"Electric,Grass",
504,Patrat,Normal,"Fighting",505
505,Watchog,Normal,"Fighting",
506,Lillipup,Normal,"Fighting",507
507,Herdier,Normal,"Fighting",508
508,Stoutland,Normal,"Fighting",
509,Purrloin,Dark,"Fighting,Bug,Fairy",510
510,Liepard,Dark,"Fighting,Bug,Fairy",
511,Pansage,Grass,"Fire,Ice,Poison,Flying,Bug",512
512,Simisage,Grass,"Fire,Ice,Poison,Flying,Bug",
513,Pansear,Fire,"Water,Ground,Rock",514
514,Simisear,Fire,"Water,Ground,Rock",
515,Panpour,Water,"Electric,Grass",516
516,Simipour,Water,"Electric,Grass",
517,Munna,Psychic,"Bug,Ghost,Dark",518
518,Musharna,Psychic,"Bug,Ghost,Dark",
519,Pidove,"Normal,Flying","Electric,Ice,Rock",520
520,Tranquill,"Normal,Flying","Electric,Ice,Rock",521
521,Unfezant,"Normal,Flying","Electric,Ice,Rock",
522,Blitzle,Electric,"Ground",523
523,Zebstrika,Electric,"Ground",
524,Roggenrola,Rock,"Water,Grass,Fighting,Ground,Steel",525
525,Boldore,Rock,"Water,Grass,Fighting,Ground,Steel",526
526,Gigalith,Rock,"Water,Grass,Fighting,Ground,Steel",
527,Woobat,"Psychic,Flying","Electric,Ice,Rock,Ghost,Dark",528
528,Swoobat,"Psychic,Flying","Electric,Ice,Rock,Ghost,Dark",
529,Drilbur,Ground,"Water,Grass,Ice",530
530,Excadrill,"Ground,Steel","Fire,Water,Fighting,Ground",
531,Audino,Normal,"Fighting",
532,Timburr,Fighting,"Flying,Psychic,Fairy",533
533,Gurdurr,Fighting,"Flying,Psychic,Fairy",534
534,Conkeldurr,Fighting,"Flying,Psychic,Fairy",
535,Tympole,Water,"Electric,Grass",536
536,Palpitoad,"Water,Ground","Grass",537
537,Seismitoad,"Water,Ground","Grass",
538,Throh,Fighting,"Flying,Psychic,Fairy",
539,Sawk,Fighting,"Flying,Psychic,Fairy",
540,Sewaddle,"Bug,Grass","Fire,Flying,Rock,Poison,Bug,Ice",541
541,Swadloon,"Bug,Grass","Fire,Flying,Rock,Poison,Bug,Ice",542
542,Leavanny,"Bug,Grass","Fire,Flying,Rock,Poison,Bug,Ice",
543,Venipede,"Bug,Poison","Fire,Flying,Psychic,Rock",544
544,Whirlipede,"Bug,Poison","Fire,Flying,Psychic,Rock",545
545,Scolipede,"Bug,Poison","Fire,Flying,Psychic,Rock",
546,Cottonee,"Grass,Fairy","Fire,Ice,Poison,Flying,Steel",547
547,Whimsicott,"Grass,Fairy","Fire,Ice,Poison,Flying,Steel",
548,Petilil,Grass,"Fire,Ice,Poison,Flying,Bug",549
549,Lilligant,Grass,"Fire,Ice,Poison,Flying,Bug",
550,Basculin,Water,"Electric,Grass",
551,Sandile,"Ground,Dark","Water,Grass,Ice,Fighting,Bug,Fairy",552
552,Krokorok,"Ground,Dark","Water,Grass,Ice,Fighting,Bug,Fairy",553
553,Krookodile,"Ground,Dark","Water,Grass,Ice,Fighting,Bug,Fairy",
554,Darumaka,Fire,"Water,Ground,Rock",555
555,Darmanitan,Fire,"Water,Ground,Rock",
556,Maractus,Grass,"Fire,Ice,Poison,Flying,Bug",
557,Dwebble,"Bug,Rock","Water,Rock,Steel",
558,Crustle,"Bug,Rock","Water,Rock,Steel",
559,Scraggy,"Dark,Fighting","Fighting,Flying,Poison,Psychic,Fairy,Bug",560
560,Scrafty,"Dark,Fighting","Fighting,Flying,Poison,Psychic,Fairy,Bug",
561,Sigilyph,"Psychic,Flying","Electric,Ice,Rock,Ghost,Dark",
562,Yamask,Ghost,"Ghost,Dark",563
563,Cofagrigus,Ghost,"Ghost,Dark",
564,Tirtouga,"Water,Rock","Electric,Grass,Fighting,Ground",565
565,Carracosta,"Water,Rock","Electric,Grass,Fighting,Ground",
566,Archen,"Rock,Flying","Water,Electric,Ice,Rock,Steel",567
567,Archeops,"Rock,Flying","Water,Electric,Ice,Rock,Steel",
568,Trubbish,Poison,"Ground,Psychic",569
569,Garbodor,Poison,"Ground,Psychic",
570,Zorua,Dark,"Fighting,Bug,Fairy",571
571,Zoroark,Dark,"Fighting,Bug,Fairy",
572,Minccino,Normal,"Fighting",573
573,Cinccino,Normal,"Fighting",
574,Gothita,Psychic,"Bug,Ghost,Dark",575
575,Gothorita,Psychic,"Bug,Ghost,Dark",576
576,Gothitelle,Psychic,"Bug,Ghost,Dark",
576,Gothorita,Psychic,"Bug,Ghost,Dark",577
577,Gothitelle,Psychic,"Bug,Ghost,Dark",
577,Solosis,Psychic,"Bug,Ghost,Dark",578
578,Duosion,Psychic,"Bug,Ghost,Dark",579
578,Solosis,Psychic,"Bug,Ghost,Dark",579
579,Duosion,Psychic,"Bug,Ghost,Dark",580
579,Reuniclus,Psychic,"Bug,Ghost,Dark",
580,Ducklett,"Water,Flying","Electric,Rock",581
580,Reuniclus,Psychic,"Bug,Ghost,Dark",
581,Ducklett,"Water,Flying","Electric,Rock",
581,Swanna,"Water,Flying","Electric,Rock",
582,Swanna,"Water,Flying","Electric,Rock",
582,Vanillite,Ice,"Fire,Fighting,Rock,Steel",583
583,Vanillish,Ice,"Fire,Fighting,Rock,Steel",584
583,Vanillite,Ice,"Fire,Fighting,Rock,Steel",584
584,Vanillish,Ice,"Fire,Fighting,Rock,Steel",585
584,Vanilluxe,Ice,"Fire,Fighting,Rock,Steel",
585,Deerling,"Normal,Grass","Fire,Ice,Poison,Flying,Bug",586
585,Vanilluxe,Ice,"Fire,Fighting,Rock,Steel",
586,Deerling,"Normal,Grass","Fire,Ice,Poison,Flying,Bug",587
586,Sawsbuck,"Normal,Grass","Fire,Ice,Poison,Flying,Bug",
587,Emolga,"Electric,Flying","Rock,Ice",
587,Sawsbuck,"Normal,Grass","Fire,Ice,Poison,Flying,Bug",
588,Emolga,"Electric,Flying","Rock,Ice",
588,Karrablast,Bug,"Fire,Flying,Rock",589
589,Escavalier,"Bug,Steel","Fire",
589,Karrablast,Bug,"Fire,Flying,Rock",590
590,Foongus,"Grass,Poison","Fire,Ice,Flying,Psychic",591
591,Amoonguss,"Grass,Poison","Fire,Ice,Flying,Psychic",
592,Frillish,"Water,Ghost","Electric,Grass,Ghost,Dark",593
593,Jellicent,"Water,Ghost","Electric,Grass,Ghost,Dark",
594,Alomomola,Water,"Electric,Grass",
595,Joltik,"Bug,Electric","Fire,Rock",
596,Galvantula,"Bug,Electric","Fire,Rock",
597,Ferroseed,"Grass,Steel","Fire,Fighting,Poison",
598,Ferrothorn,"Grass,Steel","Fire,Fighting,Poison",
599,Klink,"Steel","Fire,Fighting,Ground",600
600,Klang,"Steel","Fire,Fighting,Ground",601
601,Klinklang,"Steel","Fire,Fighting,Ground",
602,Tynamo,Electric,"Ground",603
603,Eelektrik,Electric,"Ground",604
604,Eelektross,Electric,
605,Elgyem,Psychic,"Bug,Ghost,Dark",606
606,Beheeyem,Psychic,"Bug,Ghost,Dark",
607,Litwick,"Ghost,Fire","Water,Ground,Rock,Ghost,Dark",608
608,Lampent,"Ghost,Fire","Water,Ground,Rock,Ghost,Dark",609
609,Chandelure,"Ghost,Fire","Water,Ground,Rock,Ghost,Dark",
610,Axew,Dragon,"Ice,Dragon,Fairy",611
611,Fraxure,Dragon,"Ice,Dragon,Fairy",612
612,Haxorus,Dragon,"Ice,Dragon,Fairy",
613,Cubchoo,Ice,"Fire,Fighting,Rock,Steel",614
614,Beartic,Ice,"Fire,Fighting,Rock,Steel",
615,Cryogonal,Ice,"Fire,Fighting,Rock,Steel",
616,Shelmet,Bug,"Fire,Flying,Rock",617
617,Accelgor,Bug,"Fire,Flying,Rock",
618,Stunfisk,"Ground,Electric","Water,Grass,Ice",
618,Stunfisk,"Ground,Electric","Water,Grass,Ice",618
619,Mienfoo,Fighting,"Flying,Psychic,Fairy",620
620,Mienshao,Fighting,"Flying,Psychic,Fairy",
621,Druddigon,Dragon,"Ice,Dragon,Fairy",
622,Golett,"Ground,Ghost","Water,Grass,Ice,Ghost,Dark",623
623,Golurk,"Ground,Ghost","Water,Grass,Ice,Ghost,Dark",
624,Pawniard,"Dark,Steel","Fighting,Ground,Fire",
625,Bisharp,"Dark,Steel","Fighting,Ground,Fire",
626,Bouffalant,Normal,"Fighting",
627,Rufflet,"Normal,Flying","Electric,Ice,Rock",628
628,Braviary,"Normal,Flying","Electric,Ice,Rock",
629,Vullaby,"Dark,Flying","Electric,Ice,Rock,Fairy",630
630,Mandibuzz,"Dark,Flying","Electric,Ice,Rock,Fairy",
631,Heatmor,Fire,"Water,Ground,Rock",
632,Durant,"Bug,Steel","Fire",
633,Deino,"Dark,Dragon","Bug,Fighting,Dragon,Ice,Fairy",634
634,Zweilous,"Dark,Dragon","Bug,Fighting,Dragon,Ice,Fairy",635
635,Hydreigon,"Dark,Dragon","Bug,Fighting,Dragon,Ice,Fairy",
636,Larvesta,"Bug,Fire","Water,Rock,Flying",637
637,Volcarona,"Bug,Fire","Water,Rock,Flying",
638,Cobalion,"Steel,Fighting","Fire,Ground,Fighting",
639,Terrakion,"Rock,Fighting","Water,Grass,Fighting,Ground,Steel,Psychic,Fairy",
640,Virizion,"Grass,Fighting","Fire,Ice,Poison,Flying,Psychic,Fairy",
641,Tornadus,Flying,"Electric,Ice,Rock",
642,Thundurus,"Electric,Flying","Rock,Ice",
643,Reshiram,"Dragon,Fire","Ground,Rock,Dragon",
644,Zekrom,"Dragon,Electric","Ground,Ice,Dragon,Fairy",
645,Landorus,"Ground,Flying","Water,Ice",
646,Kyurem,"Dragon,Ice","Fighting,Rock,Steel,Dragon,Fairy",
647,Keldeo,"Water,Fighting","Electric,Grass,Flying,Psychic,Fairy",
648,Meloetta,"Normal,Psychic","Bug,Ghost,Dark",
649,Genesect,"Bug,Steel","Fire",
650,Chespin,Grass,"Fire,Ice,Poison,Flying,Bug",651
651,Quilladin,Grass,"Fire,Ice,Poison,Flying,Bug",652
652,Chesnaught,"Grass,Fighting","Fire,Ice,Poison,Flying,Psychic,Fairy",
653,Fennekin,Fire,"Water,Ground,Rock",654
654,Braixen,Fire,"Water,Ground,Rock",655
655,Delphox,"Fire,Psychic","Water,Ground,Rock,Ghost,Dark",
656,Froakie,Water,"Electric,Grass",657
657,Frogadier,Water,"Electric,Grass",658
658,Greninja,"Water,Dark","Electric,Grass,Fighting,Bug,Fairy",
659,Bunnelby,Normal,"Fighting",660
660,Diggersby,"Normal,Ground","Water,Grass,Ice,Fighting",
661,Fletchling,"Normal,Flying","Electric,Ice,Rock",662
662,Fletchinder,"Fire,Flying","Water,Electric,Rock",663
663,Talonflame,"Fire,Flying","Water,Electric,Rock",
664,Scatterbug,Bug,"Fire,Flying,Rock",665
665,Spewpa,Bug,"Fire,Flying,Rock",666
666,Vivillon,"Bug,Flying","Fire,Electric,Ice,Flying,Rock",
667,Litleo,"Fire,Normal","Water,Ground,Rock,Fighting",668
668,Pyroar,"Fire,Normal","Water,Ground,Rock,Fighting",
669,Flabébé,Fairy,"Steel,Poison",670
670,Floette,Fairy,"Steel,Poison",671
671,Florges,Fairy,"Steel,Poison",
672,Skiddo,Grass,"Fire,Ice,Poison,Flying,Bug",673
673,Gogoat,Grass,"Fire,Ice,Poison,Flying,Bug",
674,Pancham,Fighting,"Flying,Psychic,Fairy",675
675,Pangoro,"Fighting,Dark","Fairy,Flying,Psychic",
676,Furfrou,Normal,"Fighting",
677,Espurr,Psychic,"Bug,Ghost,Dark",678
678,Meowstic,Psychic,"Bug,Ghost,Dark",
679,Honedge,"Steel,Ghost","Fire,Ground,Ghost,Dark",680
680,Doublade,"Steel,Ghost","Fire,Ground,Ghost,Dark",681
681,Aegislash,"Steel,Ghost","Fire,Ground,Ghost,Dark",
682,Spritzee,Fairy,"Steel,Poison",683
683,Aromatisse,Fairy,"Steel,Poison",
684,Swirlix,Fairy,"Steel,Poison",685
685,Slurpuff,Fairy,"Steel,Poison",
686,Inkay,"Dark,Psychic","Bug,Fairy,Fighting",687
687,Malamar,"Dark,Psychic","Bug,Fairy,Fighting",
688,Binacle,"Rock,Water","Electric,Grass,Fighting,Ground",689
689,Barbaracle,"Rock,Water","Electric,Grass,Fighting,Ground",
690,Skrelp,"Poison,Water","Electric,Ground,Psychic",691
691,Dragalge,"Poison,Dragon","Ground,Psychic,Ice,Dragon,Fairy",
692,Clauncher,Water,"Electric,Grass",693
693,Clawitzer,Water,"Electric,Grass",
694,Helioptile,"Electric,Normal","Fighting,Ground",695
695,Heliolisk,"Electric,Normal","Fighting,Ground",
696,Tyrunt,"Rock,Dragon","Fighting,Ground,Steel,Ice,Dragon,Fairy",697
697,Tyrantrum,"Rock,Dragon","Fighting,Ground,Steel,Ice,Dragon,Fairy",
698,Amaura,"Rock,Ice","Fighting,Ground,Steel,Water,Grass",699
699,Aurorus,"Rock,Ice","Fighting,Ground,Steel,Water,Grass",
700,Sylveon,Fairy,"Steel,Poison",
701,Hawlucha,"Fighting,Flying","Electric,Ice,Psychic,Fairy",
702,Dedenne,"Electric,Fairy","Poison,Ground",
703,Carbink,"Rock,Fairy","Steel,Water,Grass,Ground",
704,Goomy,Dragon,"Ice,Dragon,Fairy",705
705,Sliggoo,Dragon,"Ice,Dragon,Fairy",706
706,Goodra,Dragon,"Ice,Dragon,Fairy",
707,Klefki,"Steel,Fairy","Fire,Ground",
708,Phantump,"Ghost,Grass","Fire,Ice,Flying,Ghost,Dark",709
709,Trevenant,"Ghost,Grass","Fire,Ice,Flying,Ghost,Dark",
710,Pumpkaboo,"Ghost,Grass","Fire,Ice,Flying,Ghost,Dark",711
711,Gourgeist,"Ghost,Grass","Fire,Ice,Flying,Ghost,Dark",
712,Bergmite,Ice,"Fire,Fighting,Rock,Steel",713
713,Avalugg,Ice,"Fire,Fighting,Rock,Steel",
714,Noibat,"Flying,Dragon","Ice,Rock,Dragon,Fairy",715
715,Noivern,"Flying,Dragon","Ice,Rock,Dragon,Fairy",
716,Xerneas,Fairy,"Steel,Poison",
717,Yveltal,"Dark,Flying","Electric,Ice,Rock,Fairy",
718,Zygarde,"Dragon,Ground","Ice,Dragon,Fairy",
719,Diancie,"Rock,Fairy","Steel,Water,Grass,Ground",
720,Hoopa,"Psychic,Ghost","Ghost,Dark",
721,Volcanion,"Fire,Water","Ground,Rock,Electric",
722,Rowlet,"Grass,Flying","Fire,Ice,Poison,Flying,Rock",723
723,Dartrix,"Grass,Flying","Fire,Ice,Poison,Flying,Rock",724
724,Decidueye,"Grass,Ghost","Fire,Ice,Flying,Ghost,Dark",
725,Litten,Fire,"Water,Ground,Rock",726
726,Torracat,Fire,"Water,Ground,Rock",727
727,Incineroar,"Fire,Dark","Water,Fighting,Ground,Rock",
728,Popplio,Water,"Electric,Grass",729
729,Brionne,Water,"Electric,Grass",730
730,Primarina,"Water,Fairy","Electric,Grass,Poison",
731,Pikipek,"Normal,Flying","Electric,Ice,Rock",732
732,Trumbeak,"Normal,Flying","Electric,Ice,Rock",733
733,Toucannon,"Normal,Flying","Electric,Ice,Rock",
734,Yungoos,Normal,"Fighting",735
735,Gumshoos,Normal,"Fighting",
736,Grubbin,Bug,"Fire,Flying,Rock",737
737,Charjabug,"Bug,Electric","Fire,Rock",738
738,Vikavolt,"Bug,Electric","Fire,Rock",
739,Crabrawler,Fighting,"Flying,Psychic,Fairy",740
740,Crabominable,"Fighting,Ice","Fire,Fighting,Flying,Psychic,Steel,Fairy",
741,Oricorio,"Fire,Flying","Water,Electric,Rock",
742,Cutiefly,"Bug,Fairy","Fire,Flying,Rock,Poison,Steel",
743,Ribombee,"Bug,Fairy","Fire,Flying,Rock,Poison,Steel",
744,Rockruff,Rock,"Water,Grass,Fighting,Ground,Steel",745
745,Lycanroc,Rock,"Water,Grass,Fighting,Ground,Steel",
746,Wishiwashi,Water,"Electric,Grass",
747,Mareanie,"Poison,Water","Electric,Ground,Psychic",748
748,Toxapex,"Poison,Water","Electric,Ground,Psychic",
749,Mudbray,Ground,"Water,Grass,Ice",750
750,Mudsdale,Ground,"Water,Grass,Ice",
751,Dewpider,"Water,Bug","Electric,Flying,Rock",
752,Araquanid,"Water,Bug","Electric,Flying,Rock",
753,Fomantis,Grass,"Fire,Ice,Poison,Flying,Bug",754
754,Lurantis,Grass,"Fire,Ice,Poison,Flying,Bug",
755,Morelull,"Grass,Fairy","Fire,Ice,Poison,Flying,Steel",
756,Shiinotic,"Grass,Fairy","Fire,Ice,Poison,Flying,Steel",
757,Salandit,"Poison,Fire","Water,Ground,Rock,Psychic",758
758,Salazzle,"Poison,Fire","Water,Ground,Rock,Psychic",
759,Stufful,"Normal,Fighting","Fairy,Flying,Psychic",760
760,Bewear,"Normal,Fighting","Fairy,Flying,Psychic",
761,Bounsweet,Grass,"Fire,Ice,Poison,Flying,Bug",762
762,Steenee,Grass,"Fire,Ice,Poison,Flying,Bug",763
763,Tsareena,Grass,"Fire,Ice,Poison,Flying,Bug",
764,Comfey,Fairy,"Steel,Poison",
765,Oranguru,"Normal,Psychic","Bug,Dark,Ghost",
766,Passimian,Fighting,"Flying,Psychic,Fairy",
767,Wimpod,"Bug,Water","Electric,Flying,Rock",768
768,Golisopod,"Bug,Water","Electric,Flying,Rock",
769,Sandygast,"Ghost,Ground","Water,Grass,Ice,Ghost,Dark",770
770,Palossand,"Ghost,Ground","Water,Grass,Ice,Ghost,Dark",
771,Pyukumuku,Water,"Electric,Grass",
772,Type: Null,Normal,"Fighting",773
773,Silvally,Normal,"Fighting",
774,Minior,"Rock,Flying","Water,Electric,Ice,Rock,Steel",
775,Komala,Normal,"Fighting",
776,Turtonator,"Fire,Dragon","Ground,Rock,Dragon",
777,Togedemaru,"Electric,Steel","Fire,Fighting,Ground",
778,Mimikyu,"Ghost,Fairy","Steel,Ghost",
779,Bruxish,"Water,Psychic","Electric,Grass,Bug,Ghost,Dark",
780,Drampa,"Normal,Dragon","Ice,Fairy,Dragon",
781,Dhelmise,"Ghost,Grass","Fire,Ice,Flying,Ghost,Dark",
782,Jangmo-o,Dragon,"Ice,Dragon,Fairy",783
783,Hakamo-o,"Dragon,Fighting","Fairy,Ice,Dragon,Flying,Psychic",784
784,Kommo-o,"Dragon,Fighting","Fairy,Ice,Dragon,Flying,Psychic",
785,Tapu Koko,"Electric,Fairy","Poison,Ground",
786,Tapu Lele,"Psychic,Fairy","Poison,Steel,Ghost",
787,Tapu Bulu,"Grass,Fairy","Fire,Ice,Poison,Flying,Steel",
788,Tapu Fini,"Water,Fairy","Electric,Grass,Poison",
789,Cosmog,Psychic,"Ghost,Dark,Bug",
790,Cosmoem,Psychic,"Ghost,Dark,Bug",
791,Solgaleo,"Psychic,Steel","Fire,Ground,Ghost,Dark",
792,Lunala,"Psychic,Ghost","Ghost,Dark",
793,Nihilego,"Rock,Poison","Water,Psychic,Ground,Steel",
794,Buzzwole,"Bug,Fighting","Flying,Fire,Psychic,Fairy",
795,Pheromosa,"Bug,Fighting","Flying,Fire,Psychic,Fairy",
796,Xurkitree,Electric,"Ground",
797,Celesteela,"Steel,Flying","Fire,Electric",
798,Kartana,"Grass,Steel","Fire,Fighting",
799,Guzzlord,"Dark,Dragon","Fairy,Ice,Dragon,Bug,Fighting",
800,Necrozma,Psychic,"Bug,Ghost,Dark",
801,Magearna,"Steel,Fairy","Fire,Ground",
802,Marshadow,"Fighting,Ghost","Fairy,Flying,Psychic",
803,Poipole,Poison,"Ground,Psychic",
804,Naganadel,"Poison,Dragon","Ground,Psychic,Ice,Dragon",
805,Stakataka,"Rock,Steel","Fighting,Ground,Water",
806,Blacephalon,"Fire,Ghost","Water,Ground,Rock,Ghost,Dark",
807,Zeraora,Electric,"Ground",
808,Meltan,Steel,"Fire,Fighting,Ground",
809,Melmetal,Steel,"Fire,Fighting,Ground",
810,Grookey,Grass,"Fire,Ice,Poison,Flying,Bug",811
811,Thwackey,Grass,"Fire,Ice,Poison,Flying,Bug",812
812,Rillaboom,Grass,"Fire,Ice,Poison,Flying,Bug",
813,Scorbunny,Fire,"Water,Ground,Rock",814
814,Raboot,Fire,"Water,Ground,Rock",815
815,Cinderace,Fire,"Water,Ground,Rock",
816,Sobble,Water,"Electric,Grass",817
817,Drizzile,Water,"Electric,Grass",818
818,Inteleon,Water,"Electric,Grass",
819,Skwovet,Normal,"Fighting",820
820,Greedent,Normal,"Fighting",
821,Rookidee,"Flying","Electric,Ice,Rock",822
822,Corvisquire,"Flying","Electric,Ice,Rock",823
823,Corviknight,"Flying,Steel","Fire,Electric",
824,Blipbug,Bug,"Fire,Flying,Rock",825
825,Dottler,"Bug,Psychic","Fire,Flying,Rock,Ghost,Dark",826
826,Orbeetle,"Bug,Psychic","Fire,Flying,Rock,Ghost,Dark",
827,Nickit,Dark,"Fighting,Bug,Fairy",828
828,Thievul,Dark,"Fighting,Bug,Fairy",
829,Gossifleur,Grass,"Fire,Ice,Poison,Flying,Bug",830
830,Eldegoss,Grass,"Fire,Ice,Poison,Flying,Bug",
831,Wooloo,Normal,"Fighting",832
832,Dubwool,Normal,"Fighting",
833,Chewtle,Water,"Electric,Grass",834
834,Drednaw,"Water,Rock","Electric,Grass,Fighting,Ground",
835,Yamper,Electric,"Ground",836
836,Boltund,Electric,"Ground",
837,Rolycoly,Rock,"Water,Grass,Fighting,Ground,Steel",838
838,Carkol,"Rock,Fire","Water,Ground,Rock",839
839,Coalossal,"Rock,Fire","Water,Ground,Rock",
840,Applin,"Grass,Dragon","Ice,Dragon,Fairy",841
841,Flapple,"Grass,Dragon","Ice,Dragon,Fairy",
842,Appletun,"Grass,Dragon","Ice,Dragon,Fairy",
843,Silicobra,Ground,"Water,Grass,Ice",844
844,Sandaconda,Ground,"Water,Grass,Ice",
845,Cramorant,"Flying,Water","Electric,Rock",
846,Arrokuda,Water,"Electric,Grass",847
847,Barraskewda,Water,"Electric,Grass",
848,Toxel,"Electric,Poison","Ground,Psychic",849
849,Toxtricity,"Electric,Poison","Ground,Psychic",
850,Sizzlipede,"Fire,Bug","Water,Rock,Flying",851
851,Centiskorch,"Fire,Bug","Water,Rock,Flying",
852,Clobbopus,Fighting,"Flying,Psychic,Fairy",853
853,Grapploct,Fighting,"Flying,Psychic,Fairy",
854,Sinistea,"Ghost","Ghost,Dark",855
855,Polteageist,"Ghost","Ghost,Dark",
856,Hatenna,Psychic,"Bug,Ghost,Dark",857
857,Hattrem,Psychic,"Bug,Ghost,Dark",858
858,Hatterene,"Psychic,Fairy","Steel,Poison,Ghost",
859,Impidimp,"Dark,Fairy","Fairy,Bug,Fighting",860
860,Morgrem,"Dark,Fairy","Fairy,Bug,Fighting",861
861,Grimmsnarl,"Dark,Fairy","Fairy,Bug,Fighting",
862,Obstagoon,"Dark,Normal","Fighting,Bug,Fairy",
863,Perrserker,"Steel","Fire,Fighting,Ground",
864,Cursola,"Ghost","Ghost,Dark",
865,Sirfetch'd,"Fighting","Flying,Psychic,Fairy",
866,Mr. Rime,"Ice,Psychic","Fire,Bug,Rock,Ghost,Dark,Steel",
867,Runerigus,"Ground,Ghost","Water,Grass,Ice,Ghost,Dark",
868,Milcery,Fairy,"Steel,Poison",869
869,Alcremie,Fairy,"Steel,Poison",
870,Falinks,Fighting,"Flying,Psychic,Fairy",
871,Pincurchin,Electric,"Ground",
872,Snom,"Ice,Bug","Fire,Flying,Rock,Steel",873
873,Frosmoth,"Ice,Bug","Fire,Flying,Rock,Steel",
874,Stonjourner,Rock,"Water,Grass,Fighting,Ground,Steel",
875,Eiscue,Ice,"Fire,Fighting,Rock,Steel",
876,Indeedee,"Psychic,Normal","Bug,Dark,Ghost",
877,Morpeko,"Electric,Dark","Fighting,Ground,Bug,Fairy",
878,Cufant,Steel,"Fire,Fighting,Ground",879
879,Copperajah,Steel,"Fire,Fighting,Ground",
880,Dracozolt,"Electric,Dragon","Ground,Ice,Dragon,Fairy",
881,Arctozolt,"Electric,Ice","Fire,Fighting,Rock,Steel",
882,Dracovish,"Water,Dragon","Dragon,Fairy",
883,Arctovish,"Water,Ice","Electric,Grass,Fighting,Rock,Steel",
884,Duraludon,"Steel,Dragon","Fighting,Ground",
885,Dreepy,"Dragon,Ghost","Ice,Dragon,Fairy,Ghost,Dark",886
886,Drakloak,"Dragon,Ghost","Ice,Dragon,Fairy,Ghost,Dark",887
887,Dragapult,"Dragon,Ghost","Ice,Dragon,Fairy,Ghost,Dark",
888,Zacian,Fairy,"Steel,Poison",
889,Zamazenta,Fighting,"Flying,Psychic,Fairy",
890,Eternatus,"Poison,Dragon","Ground,Psychic,Ice,Dragon",
891,Kubfu,Fighting,"Flying,Psychic,Fairy",892
892,Urshifu,"Fighting,Dark","Fairy,Flying,Psychic",
893,Zarude,"Dark,Grass","Fire,Ice,Poison,Flying,Bug,Fairy",
894,Regieleki,Electric,"Ground",
895,Regidrago,Dragon,"Ice,Dragon,Fairy",
896,Glastrier,Ice,"Fire,Fighting,Rock,Steel",
897,Spectrier,Ghost,"Ghost,Dark",
898,Calyrex,Psychic,"Bug,Ghost,Dark",

